{
  "@context": "http://www.w3.org/ns/csvw",
  "url": "CUBE_bridge_trap_case.csv",
  "dc:title": "CASE-trap bridge table",
  "dc:description": "Bridge table between trap and CASE dimensions.",
  "dc:creator": "BIG",
  "tableSchema": {
    "columns": [
      {
        "titles": "cid",
        "dc:description": "The CASE dimension identifier.",
        "datatype": {
          "base": "number"
        },
        "@type": "Column"
      },
      {
        "titles": "gid",
        "dc:description": "The trap identifier.",
        "datatype": {
          "base": "number"
        },
        "@type": "Column"
      }
    ],
    "@type": "Schema"
  },
  "@type": "Table"
}